id,first_name,last_name,email,password,created_at,updated_at
1,Kyle,Yost,Deanna_Kohler-Fay@yahoo.com,password123,2024-09-27,2024-09-27
2,Penelope,Bernier,Americo22@gmail.com,password123,2024-09-27,2024-09-27
3,Lue,Kuhic,Teresa_Hettinger@hotmail.com,password123,2024-09-27,2024-09-27
4,Flossie,Fritsch,Augusta12@gmail.com,password123,2024-09-27,2024-09-27
5,Ted,Franecki,Octavia89@gmail.com,password123,2024-09-27,2024-09-27
6,Justus,Jacobson,Orlando.Hand45@hotmail.com,password123,2024-09-27,2024-09-27
7,Gilbert,Hermiston,Nicklaus.Spencer29@hotmail.com,password123,2024-09-27,2024-09-27
8,Lindsey,Hettinger-Kutch,Evan.Dibbert7@yahoo.com,password123,2024-09-27,2024-09-27
9,Felicia,Balistreri,Eldred.Mann@yahoo.com,password123,2024-09-27,2024-09-27
10,Rhianna,Price,Justina.Yundt@hotmail.com,password123,2024-09-27,2024-09-27
11,Sam,Braun,Weldon.Rodriguez@gmail.com,password123,2024-09-27,2024-09-27
12,Camille,Hamill,Ed.Batz22@gmail.com,password123,2024-09-27,2024-09-27
13,Walker,Harris,Jakayla.Wilkinson@hotmail.com,password123,2024-09-27,2024-09-27
14,Charley,Baumbach,Enoch_Mayert9@hotmail.com,password123,2024-09-27,2024-09-27
15,Kathlyn,Rolfson,Darby_Schroeder@gmail.com,password123,2024-09-27,2024-09-27
16,Monte,Lind,Ashleigh.Kreiger90@yahoo.com,password123,2024-09-27,2024-09-27
17,Danyka,Strosin,Shyanne80@yahoo.com,password123,2024-09-27,2024-09-27
18,Myra,Becker,Eliseo22@yahoo.com,password123,2024-09-27,2024-09-27
19,Jay,Turner,Immanuel.Bradtke@yahoo.com,password123,2024-09-27,2024-09-27
20,Erling,Schmitt,Ari.Nolan@gmail.com,password123,2024-09-27,2024-09-27
